# time, object, mass
0, 10, 0.5
1, 11, 0.25
2, 12, 0.0125
3, 13, 0.006125
4, 14, 0.0030625
5, 15, 0.00152125
6, 10, 0.5
7, 10, 0.5
8, 10, 0.5
9, 10, 0.5
10, 10, 0.5
11, 10, 0.5
12, 10, 0.5
13, 10, 0.5
14, 10, 0.5

